id,name,email,registration_date,country
1,John Smith,john.smith@email.com,2024-01-15 10:30:00,USA
2,Emma Johnson,emma.johnson@email.com,2024-01-20 14:15:00,UK
3,Pierre Dubois,pierre.dubois@email.com,2024-01-25 09:45:00,France
4,Maria Garcia,maria.garcia@email.com,2024-02-01 16:20:00,Spain
5,Hans Mueller,hans.mueller@email.com,2024-02-05 11:10:00,Germany
6,Anna Kowalski,anna.kowalski@email.com,2024-02-10 13:30:00,Poland
7,Yuki Tanaka,yuki.tanaka@email.com,2024-02-15 08:45:00,Japan
8,Sarah Wilson,sarah.wilson@email.com,2024-02-20 15:25:00,Canada
9,Marco Rossi,marco.rossi@email.com,2024-02-25 12:40:00,Italy
10,Lars Andersen,lars.andersen@email.com,2024-03-01 10:15:00,Denmark
11,Sophie Martin,sophie.martin@email.com,2024-03-05 14:50:00,France
12,David Brown,david.brown@email.com,2024-03-10 09:20:00,USA
13,Lisa Chen,lisa.chen@email.com,2024-03-15 16:35:00,Singapore
14,Carlos Rodriguez,carlos.rodriguez@email.com,2024-03-20 11:45:00,Mexico
15,Nina Petrov,nina.petrov@email.com,2024-03-25 13:15:00,Russia
16,Ahmed Hassan,ahmed.hassan@email.com,2024-04-01 08:30:00,Egypt
17,Isabella Silva,isabella.silva@email.com,2024-04-05 15:10:00,Brazil
18,Oliver Taylor,oliver.taylor@email.com,2024-04-10 12:25:00,Australia
19,Fatima Al-Zahra,fatima.alzahra@email.com,2024-04-15 10:40:00,UAE
20,Erik Johansson,erik.johansson@email.com,2024-04-20 14:55:00,Sweden
21,Priya Sharma,priya.sharma@email.com,2024-04-25 09:35:00,India
22,Michael O'Connor,michael.oconnor@email.com,2024-05-01 16:20:00,Ireland
23,Anastasia Volkov,anastasia.volkov@email.com,2024-05-05 11:30:00,Russia
24,Jin Park,jin.park@email.com,2024-05-10 13:45:00,South Korea
25,Elena Popov,elena.popov@email.com,2024-05-15 08:15:00,Bulgaria
26,Thomas Anderson,thomas.anderson@email.com,2024-05-20 15:40:00,Norway
27,Camila Santos,camila.santos@email.com,2024-05-25 12:10:00,Brazil
28,Robert Johnson,robert.johnson@email.com,2024-06-01 10:25:00,USA
29,Mei Wong,mei.wong@email.com,2024-06-05 14:35:00,Hong Kong
30,Francesco Bianchi,francesco.bianchi@email.com,2024-06-10 09:50:00,Italy
31,Ingrid Hansen,ingrid.hansen@email.com,2024-06-15 16:15:00,Denmark
32,Raj Patel,raj.patel@email.com,2024-06-20 11:40:00,India
33,Natalie Dubois,natalie.dubois@email.com,2024-06-25 13:20:00,Belgium
34,Alex Kim,alex.kim@email.com,2024-07-01 08:55:00,South Korea
35,Victoria Smith,victoria.smith@email.com,2024-07-05 15:30:00,UK
36,Diego Martinez,diego.martinez@email.com,2024-07-10 12:45:00,Argentina
37,Olga Ivanova,olga.ivanova@email.com,2024-07-15 10:05:00,Russia
38,James Wilson,james.wilson@email.com,2024-07-20 14:20:00,Canada
39,Sakura Yamamoto,sakura.yamamoto@email.com,2024-07-25 09:15:00,Japan
40,Lucas Silva,lucas.silva@email.com,2024-08-01 16:40:00,Portugal
41,Zara Ahmed,zara.ahmed@email.com,2024-08-05 11:25:00,Pakistan
42,Gustav Larsson,gustav.larsson@email.com,2024-08-10 13:50:00,Sweden
43,Chiara Romano,chiara.romano@email.com,2024-08-15 08:35:00,Italy
44,Ryan Murphy,ryan.murphy@email.com,2024-08-20 15:05:00,Ireland
45,Lila Gupta,lila.gupta@email.com,2024-08-25 12:30:00,India
46,Anton Petrov,anton.petrov@email.com,2024-09-01 10:45:00,Czech Republic
47,Grace Lee,grace.lee@email.com,2024-09-05 14:10:00,USA
48,Pablo Hernandez,pablo.hernandez@email.com,2024-09-10 09:25:00,Spain
49,Astrid Nielsen,astrid.nielsen@email.com,2024-09-15 16:55:00,Norway
50,Ravi Kumar,ravi.kumar@email.com,2024-09-20 11:15:00,India
